Encrypted Password,Sequence,Salt
p?~C#H1&iXMcARQCJstZu3p?G*@HKLld,D0D17d1c6d2D15C9B8c3d13C16D7A8B11a14,VJjWLh^6NjqDGVJd~BtYf
MnBlKah~JAdS!Vl@8nk$kkow3H#mC&qP,D6c18D17a14A7C4b4A2a2a17d15a8A8C15b1,yXfWJbCoVooF#5x~*
RWMXw^OBdnrcpj6vC9ysz#xwSJYypqmv,D5a18c5b14C7B7b0d8D15d4C15A16a4c0d6,D0$TuO@97EIknT#P@yb7
SpojtUvA6!1To3OIolMxC2wXCjEyeCeH,c17B10d16a8d10c3b15B18B13C18D1D3C9a13d12,W$Aj14Bw%3ME@3$0z*3*s
o#6A8%g?1r7!A24JDuVA5iRX*6bUTQko,b17A1a16c3B8d10B4c0a6B0d2D6d11B1c15,7YDMHPB!OjuV*QYfhR857
T&oqpGl#0EOothF#%X4jJSb59mfRAR7s,c18D19c10d9A5A0B18d0A15D15b5d18C16b16A18,^7Xh97sSMLdE@wW?ivGvHF
Yby^~5!1uymCGsJg5Jn?78jRU6mdARTU,A8B8b9C9c9c10A3C0c4d4A0C3d17a3d11,PG?ZQPpfgy6I3Z^E6XI
A~1igXDwvXdalvca^X9I4b03!rsZ^xUb,D4b11C15a9D9b7d9a19c19D2C9A2a18d12d18,x0cJc~1pCs%UZbgM~G@s
pUjI#D@H%S$aBUopZLhRiuxrz7ds%HCh,D1B8d4B0C13A5a3c14c5b16a10A13B2b12b11,P6jFVrBOPlpAEMQUrVel
i~lB3tU?~uh34t*HMQq%&DpwLqkjbWYX,c16b11A5a8c1c13B12d9C17C18D1c12B8C9c6,vxAF9xoAJN6b*LVyms
3jqBy0k~qh%Sgx!sk#xwknRrMhrjTPT^,b16a17C17d18C14B9B12a18c10d3C1b9b7A12c4,@wAjhMf$sj$@OBOT
pvcf6Q5C3po2FWCUBkJ4$5jm@OCsgxxh,B0D8A13a10d12d18C18B13a7d11B16A0a14a12d7,Jl8AZ7$64dkZI^GQ!
%wOnSozcPA^4cG5t?mR*s0Z@2SVvLQTe,B0D2B16d8A15d13d1B3D8A12a3a15d5c15b10,f?joSZL9~X%PxjI24!*z
2VuF7DRsBS8g5Eh4dp?Nx1lP83ARqJf2,B8D0A17c7d6a1c0b4D15C13c16A14c6D9a6,eMC~2qc7v#Lu1t2bDIUe
